"","V1","V2","V3","V4","V5","V6","V7","V8","V9","V10","V11","V12","V13","V14","V15","V16","V17","V18","V19","V20","V21","V22","V23","V24","V25","V26","V27","V28","V29","V30","V31","V32","V33","V34","V35","V36","V37","V38","V39","V40","V41","V42","V43","V44","V45","V46","V47","V48","V49","V50","V51","V52","V53","V54","V55","V56","V57","V58","V59","V60","V61","V62","V63","V64","V65","V66","V67","V68","V69","V70","V71","V72","V73","V74","V75","V76","V77"
"1",0,0,0,0,0,0,0,0,0,0,0,0,0,0,0,5.9315991709997e-06,2.0167437181399e-05,2.84716760207986e-05,2.96579958549985e-05,3.08443156891984e-05,3.14374756062984e-05,3.32169553575983e-05,3.79622346943981e-05,5.57570322073972e-05,5.75365119586971e-05,0.00762566389423721,0.0173582318140135,0.0423261122045026,0.0802592820629627,0.141726071632364,0.22332648826789,0.312793984883913,0.37731732750613,0.472956653059578,0.552284674052694,0.58802611801747,0.621118509792477,0.637814775139007,0.650126995538251,0.659238525024824,0.668821616645491,0.68080759909033,0.691975020849571,0.701450750525243,0.708438174348681,0.714787951261236,0.720573039932712,0.725838520516808,0.742642147808333,0.762476229116322,0.771466753979806,0.78165605503575,0.789263330972557,0.79655030055413,0.801427854552443,0.804765565405965,0.806796544962115,0.808485271246098,0.810022148591305,0.811457595590686,0.812811779681426,0.814092411942445,0.815230685823359,0.816199909127901,0.817172098232028,0.820468881051269,0.822993369658447,0.824855298638223,0.826138303538911,0.827964642923661,0.829353230289593,0.83047252305316,0.831466065914303,0.832310725636253,0.833029635455778,0.83363465857122,0.834165536697025
"2",0,0,0,0,0,0,0,0,0,0,0,0,0,0,0,0,0,0,0,0,0,0,0,0,0,0.0053715308863026,0.00716204118173679,0.113697403760072,0.182632050134288,0.205013428827216,0.229185317815577,0.369740376007162,0.420769919427037,0.470008952551477,0.488809310653536,0.49686660698299,0.502238137869293,0.504923903312444,0.505819158460161,0.505819158460161,0.507609668755595,0.508504923903312,0.511190689346464,0.512085944494181,0.512981199641898,0.512981199641898,0.518352730528201,0.522829006266786,0.528200537153089,0.529991047448523,0.53088630259624,0.53715308863026,0.539838854073411,0.540734109221128,0.541629364368845,0.543419874664279,0.543419874664279,0.545210384959714,0.545210384959714,0.546105640107431,0.547896150402865,0.547896150402865,0.549686660698299,0.551477170993733,0.55237242614145,0.554162936436885,0.554162936436885,0.554162936436885,0.554162936436885,0.555953446732319,0.555953446732319,0.555953446732319,0.555953446732319,0.555953446732319,0.555953446732319,0.555953446732319,0.555953446732319
"3",0,0,0,0,0,0,0,0,0,0,0,0,0,0,0,0,0,0,0,0,0,0,0,0,5.19062572993174e-05,0.00583945394617321,0.0194907996158937,0.0446653344060626,0.0933274506241727,0.149905271080429,0.217746749370637,0.284965352573253,0.340556954140822,0.386260413692871,0.417092730528665,0.436323998858062,0.452648516778698,0.460668033531442,0.468090628325245,0.474656769873608,0.480911473878176,0.491396537852638,0.504347149048818,0.516052010069814,0.524434870623654,0.530378137084425,0.536295450416548,0.541122732345384,0.545742389245023,0.55054371804521,0.553372609068023,0.557317484622771,0.560561625703979,0.563105032311645,0.565077470089019,0.5665308452934,0.567698736082635,0.56881472061457,0.569852845760556,0.570787158391944,0.57185123666658,0.572500064882822,0.57340842438556,0.573797721315305,0.574342737016947,0.57493965897589,0.575510627806182,0.576107549765124,0.576315174794321,0.576626612338117,0.576860190495964,0.576964003010563,0.577041862396512,0.57719758116841,0.577275440554359,0.577379253068957,0.577483065583556
"4",0,0,0,0,0,0,0,0,0,0,0,0,0,0,0,0,4.59202182128769e-06,1.83680872851508e-05,2.29601091064385e-05,2.29601091064385e-05,2.75521309277262e-05,2.75521309277262e-05,2.75521309277262e-05,5.969628367674e-05,5.969628367674e-05,0.0108922757600944,0.0229738851719023,0.0544981149750424,0.0971671817384476,0.153603129922073,0.182372146632441,0.239983652402316,0.292415357557779,0.325872828547681,0.354099986683137,0.371985911677052,0.389288649899664,0.400525327296355,0.409658858698897,0.417727041038899,0.426796284135942,0.439180966987955,0.451271760443406,0.465098338147303,0.47539365107063,0.483158759970427,0.489605958607515,0.495460786429657,0.502132994135988,0.50916337954438,0.513227318856219,0.518723968976301,0.523100165771988,0.52667275874895,0.529763189434676,0.532031648214392,0.533524055306311,0.53466287671799,0.53565934545321,0.536614485992037,0.537422681832584,0.538207917564024,0.538823248488077,0.539447763455772,0.540021766183433,0.540650873172949,0.541408556773462,0.542143280264868,0.542625442556103,0.542988212279985,0.543465782549399,0.543787224076889,0.544149993800771,0.544466843306439,0.544659708222934,0.544971965706781,0.545141870514169
"5",0,0,0,0,0,0,0,0,0,0,0,0,0,0,0,0,0,2.2578969947391e-05,2.2578969947391e-05,2.2578969947391e-05,2.2578969947391e-05,2.2578969947391e-05,2.2578969947391e-05,6.7736909842173e-05,0.000135473819684346,0.0062769536453747,0.0145182776761724,0.0309783467678205,0.0799069746438168,0.151617783196731,0.208336155704577,0.278014856962225,0.306712727765359,0.365801892117682,0.392919235024498,0.410553410553411,0.428187586082323,0.436270857323489,0.442931653457969,0.450156923841134,0.458556300661564,0.470252207094312,0.482806114385062,0.496014811804285,0.505814084761453,0.512181354286617,0.518051886472939,0.522364469732891,0.526767368872632,0.530944478312899,0.533766849556323,0.536837589469168,0.539524486892908,0.54331775384407,0.545507913928967,0.547359389464653,0.548443180022127,0.549572128519497,0.55110749847592,0.552281604913184,0.55352344826029,0.554336291178396,0.55508139718666,0.555555555555556,0.556142608774188,0.556797398902662,0.557203820361715,0.557790873580347,0.558084400189663,0.558513400618664,0.558648874438348,0.55871661134819,0.558852085167875,0.559010137957506,0.559100453837296,0.559190769717085,0.559258506626928
"6",0,0,0,0,0,0,0,0,0,0,0,0,0,0,0,0,0,0,0,0,0,0,0,0,0,0.00123932191386713,0.0057982560970212,0.0196521046341787,0.0445270659053689,0.0992785376001416,0.147346523259417,0.209755233922011,0.257823219581286,0.293055371132652,0.340592218828841,0.366131102553888,0.389811003408135,0.402868145000664,0.41357942725623,0.422298942150224,0.433629885362723,0.449475501261453,0.46748993050945,0.485327313769752,0.495728765546851,0.504182711459302,0.511839950427123,0.518346390474926,0.526003629442748,0.534236267870579,0.540654184924534,0.549329438321604,0.556322754835569,0.561766918957199,0.567520913557297,0.571548709777365,0.573629000132785,0.574956845040499,0.576373212942062,0.577701057849776,0.57889611826672,0.579781348205196,0.580312486168282,0.581507546585226,0.582038684548311,0.582569822511397,0.583322267959102,0.583676359934493,0.584030451909884,0.584163236400655,0.584517328376046,0.58491568184836,0.585136989332979,0.58549108130837,0.585579604302217,0.585800911786837,0.585845173283761
"7",0,0,0,0,0,0,0,0,0,0,0,0,0,0,0,1.20679355813599e-05,2.93078435547311e-05,4.05137837374224e-05,4.22377745347595e-05,4.22377745347595e-05,4.56857561294338e-05,4.82717423254395e-05,5.25817193187823e-05,6.37876595014736e-05,6.80976364948164e-05,0.00947763940836084,0.0218679612688227,0.0498250580338402,0.103979056959794,0.160723352058747,0.233392150152702,0.310059744901082,0.403365574834562,0.496805014054835,0.555248302084563,0.588673897658734,0.621162504234552,0.635725054499659,0.647605937079508,0.657055130639713,0.667630090190579,0.681843532319224,0.695291522533853,0.707683568385112,0.717291369098672,0.727412057074439,0.735677730952272,0.741781520370244,0.757280197638305,0.774624407054915,0.782769401576934,0.792530637471457,0.800607534356982,0.807204385142992,0.811976391670021,0.815051129257072,0.816920797276784,0.818394809408507,0.819723144317856,0.820745470860677,0.821927266552251,0.822919423256119,0.823869342185451,0.824676169878605,0.825440759797224,0.8279164105822,0.829746426813574,0.831055797824151,0.832039334574032,0.833577134365257,0.834809787785353,0.83584763024535,0.836589808283603,0.837241476804997,0.837772465970577,0.83819742970212,0.838550847815574
"8",0,0,0,0,0,0,0,0,0,0,0,0,0,0,0,0,7.25742071267871e-05,7.25742071267871e-05,7.25742071267871e-05,7.25742071267871e-05,0.000145148414253574,0.000145148414253574,0.000145148414253574,0.000145148414253574,0.000145148414253574,0.00388272008128311,0.0122287539008636,0.0299368604397997,0.05624501052326,0.0831337542637347,0.129290949996371,0.182233834095363,0.224943754989477,0.269830902097395,0.294070687277741,0.308549241599536,0.327273387038247,0.336526598446912,0.343784019159591,0.350424559111692,0.35960519631323,0.371071921039263,0.388961463096016,0.405399521010233,0.416975107046956,0.425284853762973,0.4319979679222,0.437259597938893,0.443464692648233,0.451593003846433,0.456818346759562,0.462733144640395,0.467668190725016,0.471841207634807,0.474780463023441,0.476848827926555,0.478917192829668,0.480767835111401,0.482945061325205,0.484795703606938,0.48599317802453,0.486900355613615,0.48769867189201,0.488460701066841,0.488932433413165,0.489440452863052,0.490129907830757,0.491109659626969,0.491726540387546,0.492016837216053,0.492415995355251,0.492815153494448,0.493032876115828,0.493178024530082,0.493286885840772,0.493540895565716,0.49368604397997
"9",0,0,0,0,0,0,0,0,0,0,0,0,0,0,5.1787175423878e-06,1.03574350847756e-05,1.03574350847756e-05,2.5893587711939e-05,3.10723052543268e-05,3.10723052543268e-05,3.62510227967146e-05,3.62510227967146e-05,4.66084578814902e-05,5.69658929662658e-05,8.28594806782049e-05,0.00838434370112585,0.019430548219039,0.0516732436379455,0.0967643372795161,0.150933722772893,0.201881945954904,0.26620161783136,0.323374659499322,0.367616443463941,0.417948399258408,0.445944546292556,0.470595241794322,0.482542543164611,0.491496545795399,0.499337124154574,0.508467203181804,0.521061844244891,0.530901407575428,0.541885467482833,0.549430858942092,0.555163699261515,0.561176190328227,0.566406695046039,0.574656392091063,0.583232348341257,0.587919087717118,0.593796932127728,0.598147054863334,0.602134667370972,0.604630809226403,0.606443360366239,0.607686252576412,0.60883074915328,0.609938994707351,0.610990274368455,0.612005303006763,0.612916757294224,0.613786781841345,0.614522159732364,0.61516432070762,0.616091311147707,0.616723114687879,0.61733420335788,0.61791939844017,0.618369946866358,0.61872209965924,0.619032822711784,0.619343545764327,0.619618017794073,0.619845881365939,0.619980528022041,0.620094459807973
"10",0,0,0,0,0,0,0,0,0,0,0,0,0,0,0,0,0,9.68779154197672e-07,9.68779154197672e-07,9.68779154197672e-07,2.90633746259301e-06,3.87511661679069e-06,6.7814540793837e-06,1.84068039297558e-05,1.93755830839534e-05,0.00554238554116488,0.0130736746858976,0.0402508362986049,0.061075712997238,0.0902243401887376,0.151885195795111,0.229843823112552,0.284488780084226,0.322116162433263,0.351304509570085,0.371799032577137,0.393645971283448,0.405658832795499,0.417408186377609,0.426947754708993,0.437866864555955,0.454441707105123,0.47199017270426,0.488823679287599,0.500696067822291,0.510105819747013,0.518943023191604,0.526260212143259,0.536934220864209,0.54745613125795,0.555418527126301,0.563635711912205,0.571394664158175,0.578482252450285,0.583858007976928,0.587524837075566,0.590257763069557,0.592437516166502,0.594096066078489,0.595427168636356,0.59663039234587,0.597645672899469,0.598672578802918,0.599616169699107,0.600559760595295,0.601688388309936,0.602870298878057,0.603921424260361,0.604712916829341,0.605451126544839,0.605997517987807,0.606462531981822,0.606882982134744,0.607232711409409,0.607519470039051,0.607855636405558,0.608173395968135
"11",0,0,0,0,0,0,0,0,0,0,0,0,0,0,0,0,0,0.000102221616464495,0.000102221616464495,0.000102221616464495,0.000102221616464495,0.000102221616464495,0.000102221616464495,0.000102221616464495,0.000102221616464495,0.00395256916996047,0.013561401117623,0.0312457407659806,0.0668870110399346,0.112648221343874,0.155410930898187,0.205022488755622,0.258484394166553,0.28949161782745,0.321827722502385,0.337876516287311,0.354981600109036,0.366260051792286,0.377061469265367,0.386125119258553,0.396858388987325,0.409840534278315,0.42404933896688,0.441392939893689,0.453489164508655,0.462893553223388,0.470866839307619,0.478601608286766,0.48575712143928,0.493696333651356,0.499488891917678,0.507462178001908,0.513493253373313,0.518297669347145,0.523579119531144,0.527429467084639,0.529780564263323,0.531620553359684,0.533153877606651,0.534721275725773,0.535982008995502,0.53652719094998,0.537208668393076,0.537890145836173,0.53850347553496,0.53942347008314,0.540207169142701,0.541161237563037,0.541808641133978,0.542285675344146,0.542762709554314,0.543069374403707,0.543273817636636,0.543410113125256,0.543648630230339,0.543818999591114,0.543955295079733
"12",0,0,0,0,0,0,0,0,0,0,0,0,0,0,0,0,0,0,0,0,0,0,0,7.45723277006368e-06,7.45723277006368e-06,0.00939611329028024,0.0221554385598592,0.0505152947844114,0.109278289012513,0.159495294486122,0.210614625124909,0.266461841339916,0.323442556935972,0.415009918119584,0.45320586436785,0.474958612358126,0.503743530850572,0.517412638518099,0.528911691449537,0.538867097197572,0.549784485972945,0.562827186087787,0.576891527092127,0.589725424689406,0.598830705901654,0.604818863816015,0.6112246267655,0.616742979015347,0.628555235723128,0.639987173559636,0.644864203791257,0.651724857939716,0.657429641008814,0.662306671240436,0.665886142970067,0.668451431042969,0.670092022252383,0.671628212203016,0.673007800265477,0.674059270086056,0.675133111604946,0.676177124192755,0.677071992125162,0.677787886471088,0.678548524213635,0.679674566361914,0.680793151277424,0.681822249399693,0.68270220286656,0.683552327402348,0.684491938731376,0.685103431818521,0.685617980879655,0.686065414845859,0.686393533087742,0.686863338752256,0.687161628063058
"13",0,0,0,0,0,0,0,0,0,0,0,0,0,0,0,1.04357445121029e-05,1.04357445121029e-05,1.04357445121029e-05,1.04357445121029e-05,1.04357445121029e-05,1.56536167681543e-05,1.56536167681543e-05,1.56536167681543e-05,2.08714890242057e-05,3.13072335363086e-05,0.00316724845942322,0.0089695224081524,0.0264963553162291,0.0522882978778914,0.0904413798141394,0.155852626416,0.242031004596945,0.299104091333636,0.367463435760166,0.424786980365147,0.46973894985103,0.50973915856592,0.540597655088208,0.56755318316297,0.588967330901805,0.608189972293098,0.627819607720364,0.649880771618949,0.668665111740734,0.678573851154976,0.687689473986298,0.698699184446566,0.713147472723573,0.74025431909376,0.779268349952256,0.803907142745331,0.832255842712459,0.848895637337007,0.866907732364896,0.879279307483994,0.887580942243372,0.894400701282031,0.899973388851494,0.904121597295055,0.907544521495025,0.91049783719195,0.913085901830951,0.916279239651655,0.919843046402538,0.923813847189393,0.927210682028083,0.929913539856717,0.932840766192362,0.934119144895095,0.935726249549959,0.936947231657875,0.938178649510303,0.939217006089257,0.939947508205104,0.940594524364854,0.941319808608446,0.941904210301123
"14",0,0,0,0,0,0,0,0,0,0,0,0,0,0,0,0,0,0,0,0,0,0,0,5.41917303419498e-05,0.000162575191025849,0.0263371809461876,0.0422153579363789,0.0800953774454018,0.113314908145017,0.220560342491736,0.251991546090067,0.30932639679185,0.35880344659405,0.403890966238552,0.458191080041186,0.471955779548041,0.494499539370292,0.502194765078849,0.507288787730992,0.512437002113478,0.518940009754511,0.526526852002384,0.538286457486588,0.54836611933019,0.555465236004986,0.562076627106703,0.569013168590473,0.576925161220398,0.586408714030239,0.596271608952474,0.600173413537094,0.60645965425676,0.610307267111039,0.615292906302498,0.618815368774725,0.620495312415325,0.621524955291823,0.622988132011055,0.624342925269604,0.625209992955075,0.626564786213624,0.627323470438411,0.627973771202515,0.62840730504525,0.628895030618328,0.629653714843115,0.630249823876876,0.630737549449954,0.630954316371322,0.631279466753373,0.631875575787135,0.632417493090554,0.63258006828158,0.63285102693329,0.632959410393974,0.633176177315342,0.633284560776026
"15",0,0,0,0,0,0,0,0,0,0,0,0,0,0,0,0,0,1.07845664226838e-06,1.07845664226838e-06,1.07845664226838e-06,1.07845664226838e-06,1.07845664226838e-06,2.15691328453677e-06,4.31382656907353e-06,5.39228321134191e-06,0.00256241298202968,0.0082545071399222,0.0259757066856763,0.0510066853527254,0.0784889959676506,0.121588437219264,0.177420137589498,0.223301996978164,0.264715810497913,0.290362587907697,0.309218323841117,0.32812259032344,0.339425894391055,0.349633486510125,0.358519969242417,0.368576577431569,0.383439866875312,0.399847506230783,0.417615079412155,0.430583520535432,0.441093080514338,0.451189591599254,0.45965979006763,0.469579434263215,0.478886515085991,0.485575103181339,0.493087632151381,0.500162307724661,0.507122666893862,0.5123898491347,0.515882970199008,0.518349400539875,0.520265817993186,0.521699086870761,0.522952253489077,0.52409002524667,0.525025047155517,0.525918009255315,0.526758126979642,0.527630598403237,0.528556992658946,0.529473680804874,0.530329975378835,0.53089832202931,0.531513042315403,0.53199187706457,0.532327277080316,0.532702579991825,0.533006704764945,0.533248279052813,0.533498480993819,0.533654857206948
"16",0,0,0,0,0,0,0,0,0,0,0,0,0,0,0,0,0,0,0,0,0,0,0,1.27841272276342e-05,1.91761908414513e-05,0.00341975403339214,0.00771522078187722,0.0214325892971287,0.0424560865229731,0.0622650916621922,0.108224029045537,0.167574339699829,0.20714760553297,0.229276929764005,0.248900565058423,0.262630717700903,0.278323233872823,0.286620132443558,0.294405665925187,0.301513640663752,0.310417785277799,0.324020096648002,0.338108204852855,0.354024443251259,0.366463399043747,0.375150213494925,0.383038019994375,0.389481220117103,0.397375418680167,0.40543581089719,0.411354861803585,0.417881158753292,0.424298790621564,0.430307330418552,0.434366290813326,0.437044565467516,0.439070849633096,0.440707217918233,0.442292449694459,0.443558078289995,0.444631944977116,0.445450129119685,0.446376978343689,0.447169594231802,0.448115619646647,0.449119173634016,0.450269745084503,0.451132673672368,0.451707959397612,0.452244892741173,0.452602848303546,0.453031116565672,0.453350719746363,0.453651146736212,0.453913221344379,0.454252000715911,0.45436705786096
"17",0,0,0,0,0,0,0,0,0,0,0,0,0,0,0,0,0,0,0,0,0,1.5415208644849e-05,1.5415208644849e-05,1.5415208644849e-05,3.0830417289698e-05,0.00553405990350079,0.0161859690770915,0.031447025635492,0.082286383746204,0.13882936905551,0.183872608715759,0.231258960090025,0.273727859906584,0.311140571287632,0.343990380909806,0.362396140031755,0.381588074794592,0.392841177105332,0.403631823156726,0.414360808373541,0.425536834641057,0.440859552034037,0.459573615328883,0.473108168519061,0.482804334756671,0.4915447580583,0.497895824019978,0.503769018513666,0.509518891338194,0.51554623791833,0.519631268209215,0.524579550184212,0.528402521928134,0.533720768910607,0.537667062323689,0.540796349678593,0.542492022629526,0.543941052242142,0.545374666646113,0.547147415640271,0.548396047540503,0.549259299224615,0.55032294862111,0.551062878636062,0.551540750104053,0.552157358449847,0.552696890752416,0.553251838263631,0.553637218479752,0.553899277026715,0.554099674739098,0.554284657242836,0.554592961415733,0.554685452667602,0.554747113502181,0.55490126558863,0.554993756840499
"18",0,0,0,0,0,0,0,0,0,0,0,0,0,0,0,0,3.32612672542824e-05,3.32612672542824e-05,3.32612672542824e-05,3.32612672542824e-05,6.65225345085648e-05,6.65225345085648e-05,6.65225345085648e-05,6.65225345085648e-05,9.97838017628472e-05,0.00149675702644271,0.00645268584733078,0.0280059870281058,0.0501579910194578,0.070314318975553,0.0843505737568601,0.10936304673208,0.15735905538001,0.169965075669383,0.180608681190753,0.190786628970564,0.197538666223183,0.20209545983702,0.205621154165974,0.209579244969233,0.21483452519541,0.219690670214535,0.22710793281224,0.237053051721271,0.244802926991518,0.253450856477632,0.263063362714119,0.270746715449859,0.274771328787627,0.279594212539498,0.282055546316315,0.284417096291369,0.285614501912523,0.287344087809746,0.288807583568934,0.290337601862631,0.290670214535174,0.291501746216531,0.292333277897888,0.292665890570431,0.292898719441211,0.293264593381008,0.293896557458839,0.294528521536671,0.295160485614502,0.295493098287045,0.295892233494096,0.296058539830368,0.296291368701148,0.296457675037419,0.296690503908199,0.296790287709962,0.296923332778979,0.296989855313487,0.297023116580742,0.29708963911525,0.29708963911525
"19",0,0,0,0,0,0,0,0,0,0,0,0,0,0,0,1.55982559979925e-06,1.06263118986324e-05,2.59321005966625e-05,3.64609233953075e-05,3.83132162950691e-05,4.57223878941155e-05,5.11817774934129e-05,6.239302399197e-05,8.72527444887706e-05,9.42719596878672e-05,0.0084879859795076,0.0167160660184486,0.043791616268864,0.0861003258378189,0.126021234880781,0.17567652804659,0.25384270348193,0.322727039196565,0.395759926072066,0.452169751530506,0.485354163764335,0.514481762080386,0.530321596068148,0.543923860232997,0.55540212937642,0.567484051026965,0.583255252688335,0.597467408662706,0.609802217038618,0.619447301145877,0.628002749582576,0.637845834051909,0.646399820152108,0.660102205622645,0.673949752363063,0.682026236851523,0.69114468484065,0.69898787791284,0.705819816550861,0.710392835253072,0.713298790345498,0.715388566692829,0.717221556750794,0.718766271540095,0.720172844274714,0.721453266113949,0.722633956603897,0.723706239214659,0.724660560014436,0.725628626777312,0.726925719252645,0.728209748188579,0.729333017598635,0.730100451793736,0.730911951062032,0.731562105869848,0.732130174855475,0.732604361837814,0.733027659509959,0.733354540462217,0.733672452417276,0.733914030407045
"20",0,0,0,0,0,0,0,0,0,0,0,0,0,0,0,0,0,0,0,6.24652537026279e-06,6.24652537026279e-06,6.24652537026279e-06,6.24652537026279e-06,1.87395761107884e-05,2.49861014810512e-05,0.00284216904346957,0.00918863881965657,0.0317698280331566,0.0549506836822018,0.0916177876056444,0.142045986919776,0.20441129621648,0.25648857822836,0.300189269718719,0.326412183223082,0.34395242646278,0.362385922830426,0.371555822073971,0.380294711066969,0.388889929976451,0.398122294473699,0.411196272073659,0.427593401170599,0.441585617999988,0.451954850114624,0.460094072672076,0.467764805826759,0.474186233907389,0.48276895976613,0.492313650531892,0.498635134206598,0.506724384561088,0.514882346694651,0.521591114942313,0.526725758796669,0.530423701815865,0.533347075689148,0.535552099144851,0.537138716588897,0.538475473018134,0.539537382331078,0.540436881984396,0.541348874688454,0.542229634765662,0.542922999081761,0.543972415343965,0.544946873301726,0.545896345158006,0.546533490745773,0.547026966250023,0.547408004297609,0.547864000649639,0.548238792171854,0.548544871914997,0.548769746828327,0.549000868267026,0.549182017502764
"21",0,0,0,0,0,0,0,0,0,0,0,0,0,0,0,0,3.83435582822086e-06,1.53374233128834e-05,1.91717791411043e-05,1.91717791411043e-05,1.91717791411043e-05,2.30061349693252e-05,2.6840490797546e-05,6.13496932515337e-05,6.51840490797546e-05,0.0095590490797546,0.0229716257668712,0.0669401840490798,0.120747699386503,0.186395705521472,0.300789877300614,0.405364263803681,0.507350460122699,0.598309049079755,0.650460122699386,0.685632668711656,0.716085122699387,0.72736963190184,0.736276840490798,0.743247699386503,0.750586656441718,0.758995398773006,0.76646472392638,0.772691717791411,0.777592024539877,0.781652607361963,0.786303680981595,0.790605828220859,0.812595858895706,0.837653374233129,0.843853527607362,0.850973926380368,0.855736196319018,0.859796779141104,0.862492331288344,0.864781441717791,0.866127300613497,0.867879601226994,0.869394171779141,0.870778374233129,0.872181748466258,0.873508435582822,0.874555214723926,0.875406441717791,0.876288343558282,0.879378834355828,0.882699386503067,0.885019171779141,0.886667944785276,0.888539110429448,0.889666411042945,0.890663343558282,0.891303680981595,0.891871165644172,0.892400306748466,0.892921779141104,0.893270705521472
"22",0,0,0,0,0,0,0,0,0,0,0,0,0,0,0,0,0,0,0,5.61955605507165e-05,5.61955605507165e-05,0.000112391121101433,0.000112391121101433,0.000112391121101433,0.000112391121101433,0.0114076987917954,0.0173082326496207,0.03529081202585,0.0680528238269177,0.119303175049171,0.189322843495364,0.22433267771846,0.274908682214105,0.31610002809778,0.345153132902501,0.362517561112672,0.377746558021916,0.384490025288002,0.390671536948581,0.394773812868783,0.402191626861478,0.412419218881708,0.42275920202304,0.4313571227873,0.436976678842371,0.442259061534139,0.45568980050576,0.469851081764541,0.478224220286597,0.485248665355437,0.488957572351784,0.493453217195842,0.496768755268334,0.499747119977522,0.501376791233493,0.502500702444507,0.503456026973869,0.504804720427086,0.506490587243608,0.507895476257376,0.509356560831694,0.510986232087665,0.512053947738129,0.512559707783085,0.513627423433549,0.51452655240236,0.515088508007867,0.515425681371172,0.515706659173925,0.515987636976679,0.51604383253723,0.51610002809778,0.516324810339983,0.516381005900534,0.516493397021635,0.516605788142737,0.516718179263838
"23",0,0,0,0,0,0,0,0,0,0,0,0,0,0,0,0,0,0,0,0,0,0,0,1.13072287113151e-05,2.26144574226303e-05,0.00500910231911261,0.0211558249188706,0.0908761971528398,0.1299087506643,0.185992605072423,0.287056615294158,0.364533746424089,0.384287474982756,0.425344022433542,0.460158979635681,0.481948009362385,0.505874105315528,0.517056954511019,0.526340189283009,0.534357014439331,0.544329990162711,0.558995465801287,0.575741471522744,0.58911792308823,0.599735410848155,0.607243410712468,0.614841868406472,0.620518097219552,0.631192121123034,0.640170060719818,0.645642759416095,0.652325331584482,0.657436198961996,0.662230463935594,0.665407795203474,0.667997150578365,0.669772385486041,0.671411933649182,0.672983638440055,0.674363120342835,0.675719987788193,0.676658487771232,0.67758568052556,0.678298035934373,0.679078234715454,0.679835819039112,0.680344644331121,0.681045692511222,0.681497981659675,0.681905041893282,0.682425174414003,0.682809620190188,0.683069686450548,0.683499361141578,0.683714198487093,0.683917728603896,0.684155180406834
"24",0,0,0,0,0,0,0,0,0,0,0,0,0,0,0,0,3.47922900285297e-06,1.04376870085589e-05,1.04376870085589e-05,1.04376870085589e-05,1.04376870085589e-05,1.04376870085589e-05,1.73961450142648e-05,3.82715190313826e-05,4.87092060399415e-05,0.00284948855333658,0.0082040219887273,0.023686591051423,0.0451569132280287,0.0795943218982673,0.125287036392735,0.186114397049614,0.234148632663002,0.267664045647485,0.295546586876348,0.315889638856029,0.338135829100271,0.349238048848375,0.360876069862918,0.37119546308538,0.382454248138613,0.39867093452091,0.414824994781156,0.430655486744138,0.442509219956858,0.452442418760003,0.46108482360309,0.469254053301788,0.478035627304989,0.487728759306938,0.495156913228029,0.503820193445133,0.511349245007306,0.519299283278825,0.526014195254332,0.530182311599749,0.533233595435252,0.535968269431494,0.537721800848932,0.53913436782409,0.540362535662097,0.541528077378053,0.54253705378888,0.543490362535662,0.544440192053441,0.545497877670308,0.546590355577204,0.547675875026094,0.548263864727576,0.548754436016979,0.549144109665298,0.549523345626609,0.549839955465869,0.55007306380906,0.55026790063322,0.550525363579431,0.550674970426553
"25",0,0,0,0,0,0,0,0,0,0,0,0,0,0,0,0,0,0,0,0,0,0,0,0,0,0.0103430079155673,0.0131926121372032,0.0561477572559367,0.108601583113456,0.162849604221636,0.192612137203166,0.22353562005277,0.244221635883905,0.25910290237467,0.271345646437995,0.279155672823219,0.287810026385224,0.293298153034301,0.304274406332454,0.312084432717678,0.317994722955145,0.324643799472295,0.334564643799472,0.342058047493404,0.349656992084433,0.356517150395778,0.362532981530343,0.36802110817942,0.370976253298153,0.374459102902375,0.375725593667546,0.378997361477573,0.380474934036939,0.382585751978892,0.384485488126649,0.386385224274406,0.387018469656992,0.388390501319261,0.388918205804749,0.389023746701847,0.389656992084433,0.390290237467018,0.390395778364116,0.390817941952507,0.391240105540897,0.391873350923483,0.392506596306069,0.392612137203166,0.392717678100264,0.392823218997362,0.393139841688654,0.393245382585752,0.393562005277045,0.393667546174142,0.39377308707124,0.394089709762533,0.394195250659631
"26",0,0,0,0,0,0,0,0,0,0,0,0,0,0,0,0,0,0,0,0,0,0,0,0,0,0.0101711911754172,0.0320177637705035,0.129790129646873,0.236516008881885,0.264450970560848,0.275696583339302,0.403552754100709,0.43499749301626,0.447460783611489,0.479335291168254,0.499892557839696,0.525893560633192,0.534202421030012,0.537783826373469,0.541580116037533,0.549745720220615,0.555690853090753,0.566148556693647,0.574600673304205,0.581691855884249,0.586419310937612,0.592077931380274,0.596733758326767,0.607477974357138,0.619224983883676,0.62137382708975,0.627390588066757,0.630542224768999,0.63383711768498,0.635556192249839,0.638063175990259,0.639137597593296,0.640713415944417,0.641572953226846,0.64207434997493,0.643148771577967,0.643578540219182,0.644652961822219,0.645082730463434,0.645727383425256,0.646586920707686,0.647732970417592,0.648520879593152,0.649452044982451,0.650598094692357,0.651027863333572,0.651529260081656,0.65203065682974,0.652460425470955,0.652603681684693,0.652961822219039,0.653176706539646
"27",0,0,0,0,0,0,0,0,0,0,0,0,0,0,0,0,0,2.22850164463421e-06,2.22850164463421e-06,2.22850164463421e-06,2.22850164463421e-06,2.22850164463421e-06,4.45700328926843e-06,6.68550493390264e-06,6.68550493390264e-06,0.00666544841910093,0.0144763466835439,0.0309048608077873,0.0605327901731991,0.100382856582548,0.146726776784361,0.231073335532122,0.310737812324505,0.385457243967446,0.437109455086778,0.46971911965271,0.497597675227084,0.512125277448455,0.524792080796556,0.535361864097056,0.546506600821871,0.561023060535019,0.57584928197677,0.58962142214061,0.599932699250332,0.608697396218678,0.616497151974898,0.623967089487712,0.635214337288181,0.648672258720127,0.655812377989535,0.665577672196322,0.673589135608782,0.682737134860006,0.689516236862983,0.694944866869312,0.698601838068156,0.701940133531818,0.704360286317891,0.706299082748723,0.708026171523315,0.709523724628509,0.710929909166273,0.712019646470499,0.713209666348734,0.714444256259861,0.715616448124939,0.716891151065669,0.717733524687341,0.718709608407691,0.719496269488247,0.720133620958612,0.720793257445424,0.721399409892765,0.721816139700311,0.72227743954075,0.722569373256197
"28",0,0,0,0,0,0,0,0,0,0,0,0,0,0,0,0,0,7.16065648898691e-06,7.16065648898691e-06,7.16065648898691e-06,7.16065648898691e-06,7.16065648898691e-06,7.16065648898691e-06,7.16065648898691e-06,7.16065648898691e-06,0.0134405522298284,0.0280339701543838,0.0783662246154727,0.144265746283619,0.186971901583937,0.263018073496978,0.354194712571249,0.428450720362043,0.483838398304357,0.558788989774583,0.585082920402142,0.612006988800733,0.623993927763297,0.633037836908888,0.640527883596368,0.650230573138945,0.66200269240684,0.67458396585799,0.685031363675422,0.691998682439206,0.697605476470083,0.703334001661272,0.709191418669264,0.724608312090052,0.736015237877009,0.742660327098788,0.751654111648956,0.759480709191419,0.766390742703291,0.771439005528027,0.774224500902243,0.776186520780225,0.778141380001719,0.780067596597256,0.781506888551542,0.782702718185203,0.783934351101309,0.784829433162432,0.785524016841864,0.78618995789534,0.787822587574829,0.789448056597829,0.790822902643714,0.791689342078882,0.792784922521697,0.793730129178243,0.794188411193538,0.794782745682124,0.79537708017071,0.795770916277604,0.796179073697477,0.79636525076619
"29",0,0,0,0,0,0,0,0,0,0,0,0,0,0,0,0,0,1.01306858474319e-05,1.01306858474319e-05,1.01306858474319e-05,1.01306858474319e-05,1.01306858474319e-05,1.01306858474319e-05,1.01306858474319e-05,1.01306858474319e-05,0.00635194002633978,0.0113970215783609,0.036359031506433,0.0832438456083477,0.155121061695877,0.211214669233107,0.280589605916321,0.345567824941749,0.41001924830311,0.449012258129875,0.479039610981663,0.5,0.510799311113362,0.51889372910546,0.526177692229764,0.533917536217202,0.545203120251241,0.557299159153075,0.568817748961605,0.577813797994124,0.58433795967987,0.590801337250532,0.596525174754331,0.605288218012359,0.61716138182555,0.620555161584439,0.625914294397731,0.629378988957552,0.63270185391551,0.635021780974572,0.636703474825246,0.638060986728802,0.639580589605916,0.6412217607132,0.642579272616756,0.644007699321244,0.644889068989971,0.645810961402087,0.64650997872556,0.64717860399149,0.648151149832844,0.648981866072333,0.64974166751089,0.650157025630635,0.650663559923007,0.650977611184277,0.651372707932327,0.651625975078513,0.651879242224699,0.652223685543511,0.652395907202918,0.652568128862324
"30",0,0,0,0,0,0,0,0,0,0,0,0,0,0,3.0973954311559e-07,3.40713497427149e-06,8.05322812100533e-06,1.92038516731665e-05,2.53986425354783e-05,2.75668193372875e-05,3.53103079151772e-05,4.30537964930669e-05,5.63725968470373e-05,8.73465511585962e-05,9.23023838484457e-05,0.00846673041106464,0.0166026589900818,0.045355780777502,0.0951950414416022,0.146107549622598,0.17922428209343,0.254021116183612,0.339697861465272,0.413094672820572,0.474728195807427,0.508911051785664,0.53772736043988,0.552989156947814,0.566101361026526,0.576927687277046,0.588172471650314,0.602977402332153,0.616621738945938,0.628051747565989,0.636415954188283,0.643190267735764,0.650122548450234,0.655873482547261,0.666887820700451,0.678009018996016,0.685116302552347,0.69298337720794,0.699953755886213,0.706384878019922,0.710312375426628,0.712695821210902,0.71437677771139,0.71605091994193,0.717499262045538,0.718805433698857,0.71997686865092,0.721111134857809,0.722173851230239,0.723122583450802,0.724066050099132,0.725291379731697,0.726578657272886,0.727683188483636,0.728499042440202,0.729311179522252,0.72997309292589,0.730549518215628,0.73103983591238,0.731475949189086,0.731818521123772,0.732138172332268,0.732415698962899
"31",0,0,0,0,0,0,0,0,0,0,0,0,0,0,0,4.99458087974548e-06,1.74810330791092e-05,3.24647757183456e-05,4.49512279177093e-05,4.49512279177093e-05,4.7448518357582e-05,4.7448518357582e-05,4.7448518357582e-05,7.24214227563094e-05,7.99132940759276e-05,0.0105210846231838,0.0197285944749946,0.0562389807059341,0.115067651598016,0.16896417387135,0.217576429573912,0.282473516234885,0.341017496016822,0.393188390596203,0.446023564432591,0.476173351913174,0.503036705174885,0.515513168212489,0.525861939795322,0.534857179959744,0.545018654759586,0.559535404086566,0.573545203454252,0.586980626020768,0.596018320122667,0.602693577468447,0.609141581384198,0.614475793763766,0.625810995070349,0.637830453957456,0.64403622070054,0.65130333588057,0.65678738568653,0.661826917794193,0.665110854722626,0.667051249394407,0.668589580305369,0.670075468117093,0.671406523921545,0.67249034797245,0.673504247891038,0.674423250772911,0.675132481257835,0.6758192361288,0.676491007257126,0.677572334017591,0.678536288127382,0.679332923777701,0.679897311417112,0.680564087964558,0.68111598915177,0.681553014978748,0.682032494743204,0.682422072051824,0.68268428754801,0.682924027430238,0.683146286279387
"32",0,0,0,0,0,0,0,0,0,0,0,0,0,0,0,0,0,0,0,0,0,0,0,0.000105279781018055,0.000105279781018055,0.0103174185397694,0.0126335737221667,0.036110964889193,0.066484181712902,0.12454598094436,0.179607306416803,0.251250197399589,0.335263462651998,0.363741643417382,0.398062852029268,0.415065536663684,0.433068379217771,0.440595883560562,0.448439227246407,0.455177133231563,0.461493920092646,0.469021424435437,0.478549244617571,0.490656419434648,0.498289203558457,0.504500710638522,0.51108069695215,0.515502447754909,0.520134758119703,0.525609306732642,0.529557298520819,0.534136968995105,0.536347844396484,0.538927199031426,0.540137916513134,0.541190714323314,0.541927672790441,0.543243670053166,0.544717586987419,0.545296625783018,0.546402063483708,0.546981102279307,0.547560141074907,0.548244459651524,0.548770858556614,0.549455177133232,0.549665736695268,0.549718376585777,0.549876296257304,0.549981576038322,0.550455335052903,0.550560614833921,0.550718534505448,0.550771174395957,0.550771174395957,0.550981733957993,0.551034373848502
"33",0,0,0,0,0,0,0,0,0,0,0,0,0,0,0,2.83613807130456e-06,7.29292646906888e-06,1.13445522852183e-05,1.37755277749079e-05,1.49910155197527e-05,1.70168284278274e-05,1.82323161726722e-05,1.98529664991319e-05,2.91717058762755e-05,3.52491446004996e-05,0.00514596994909132,0.0113785859420739,0.0276138557499661,0.0679084899793164,0.113603131096431,0.153940712559432,0.198724953355658,0.254953416432179,0.313491306223905,0.354043218692581,0.378797436941509,0.40328667886206,0.417480334421195,0.429710977272405,0.440889818061743,0.453429194800143,0.470730042197683,0.487489187223603,0.502340421652699,0.512944741901306,0.521030166380014,0.528765125225625,0.535074722109114,0.543677539204544,0.552160023013235,0.558196540316716,0.564909679131493,0.5715847326636,0.578258975870542,0.582951163728225,0.586034856136896,0.588112529855418,0.589918339481675,0.591502120013208,0.59285738884871,0.594039653261863,0.595077274633379,0.596078026209967,0.596975866490826,0.597923541769223,0.598976964481422,0.599938010125013,0.600749955938569,0.601275856969505,0.601725182272516,0.602109276399887,0.602471086585269,0.602772122383409,0.603021297371103,0.603258317481347,0.603452390357941,0.603614050228005
"34",0,0,0,0,0,0,0,0,0,0,0,0,0,0,0,4.46435689344537e-06,2.9337202442641e-05,6.37765270492195e-05,8.41850157049698e-05,8.67360767869386e-05,9.05626684098917e-05,9.43892600328449e-05,0.000102042443278751,0.000126277523557455,0.000128828584639423,0.00779476713595561,0.0163765366156986,0.0386237025462778,0.0734928809451681,0.11999936223473,0.168698480524243,0.236847526267957,0.30134153924648,0.350705846713117,0.40650520575902,0.441515330282689,0.471349989636314,0.486745643265996,0.499460131698528,0.510304692357978,0.522105900923165,0.537879111592978,0.553231397184266,0.56791721806789,0.578173759147946,0.585974903936606,0.593397853919865,0.599695785965975,0.612034630654188,0.62428291267399,0.631950126755847,0.64068623543105,0.648333041024251,0.655560834834739,0.660879797190644,0.664417481146064,0.666752977566607,0.668781071126772,0.670431607646806,0.671872957158118,0.673198233390201,0.674397869863997,0.675497377190325,0.676455938391875,0.677419601715589,0.679069500470352,0.680482150544492,0.681689440201534,0.682533203654395,0.683574674341109,0.684338079369888,0.685007095138634,0.685618074267766,0.686146781677004,0.68656898228607,0.68693187072498,0.687286468215373
"35",0,0,0,0,0,0,0,0,0,0,0,0,0,0,0,0,0,1.5619630751929e-05,1.5619630751929e-05,1.5619630751929e-05,1.5619630751929e-05,1.5619630751929e-05,1.5619630751929e-05,3.1239261503858e-05,3.1239261503858e-05,0.00743494423791822,0.0147293117990691,0.0340820343007091,0.0584798975352223,0.0948892568179688,0.151198025678673,0.224704007997251,0.294945487488676,0.346833900846584,0.416747368092218,0.455671487926025,0.488082221736278,0.504482834025804,0.518228109087501,0.52858392427603,0.540361125862985,0.557792633782137,0.573084252288276,0.589625441254569,0.599715722720315,0.60922807784824,0.618756052606916,0.626815782074912,0.638905376276905,0.652400737246571,0.661444503451938,0.671831557901971,0.680641029646059,0.691262378557371,0.698353690918747,0.702352316391241,0.704913935834557,0.707085064509075,0.709053137983818,0.71077129736653,0.712270781918715,0.713770266470901,0.714848020992784,0.715878916622411,0.716862953359783,0.718409296804223,0.719783824310393,0.721173971447315,0.722048670769423,0.722532879322733,0.723220143075818,0.723829308675143,0.724282277966949,0.724594670581987,0.724922682827778,0.72542251101184,0.725688044734622
"36",0,0,0,0,0,0,0,0,0,0,0,0,0,0,0,9.01958060754091e-07,3.60783224301636e-06,4.9607693341475e-06,5.86272739490159e-06,6.31370642527864e-06,6.76468545565568e-06,9.47055963791796e-06,1.0372517698672e-05,1.84901402454589e-05,2.20979724884752e-05,0.00687968510840183,0.0151912286382508,0.032684254247546,0.0586809404536308,0.0978196065839331,0.131538857706194,0.174962726583139,0.225663593094248,0.279862252964962,0.320868874239086,0.345299310272671,0.370131117643292,0.384265251434339,0.396746998058084,0.408115277455829,0.420955552408724,0.438290284378357,0.454461039470587,0.469144465720633,0.479745178808676,0.488442309409497,0.496720931470129,0.50371922406352,0.512704079285721,0.521091387292674,0.527286486232963,0.533843721334645,0.540814955186214,0.547560699522594,0.552451116128002,0.555722067035327,0.557870080157013,0.559638368935121,0.56118026623998,0.56237626262854,0.563474847546539,0.564484589595553,0.565434351433527,0.566280839073545,0.567102071887861,0.568215088134832,0.569197320462993,0.570085749152836,0.570697276718027,0.57126280442212,0.571733626529834,0.57215980171354,0.572534565287783,0.572831309489771,0.573070779354902,0.573299876702333,0.573507327056307
"37",0,0,0,0,0,0,0,0,0,0,0,0,0,0,5.93398207581374e-07,1.54283533971157e-05,4.18345736344869e-05,7.62516696742066e-05,9.13833239675316e-05,9.99875979774616e-05,0.000114525854063205,0.000129064110148949,0.000155173631282529,0.000235875787513596,0.000251007441806921,0.00862266935436495,0.0190492692597773,0.0457210351950411,0.0977917279103067,0.157646915011729,0.202169285827455,0.253701469669341,0.320288759435773,0.39359984429231,0.456460296616028,0.499655235641395,0.539242610263771,0.557760194729556,0.572351559954878,0.584174425842729,0.595761712642171,0.610653040661425,0.624510372303969,0.636802616174018,0.645894960209683,0.653089023379296,0.660128803014938,0.666211431341751,0.677629599652031,0.691508293630048,0.699427489409326,0.708548613258059,0.716112956909202,0.722996376117146,0.72804827175739,0.731589672260236,0.734187569613027,0.736127981751818,0.737808782174793,0.739393452088139,0.740799805840107,0.742121897046598,0.743425592908654,0.74460556524443,0.745848141091105,0.747827717511596,0.749335839056165,0.750754060772284,0.751709728585594,0.752789713323392,0.753598515080325,0.754305549044659,0.754864826855304,0.75539829184392,0.755839483411256,0.756217478069486,0.756491628041388
"38",0,0,0,0,0,0,0,0,0,0,0,0,0,0,0,2.24144887255122e-06,1.00865199264805e-05,2.0173039852961e-05,3.02595597794414e-05,3.25010086519926e-05,3.58631819608195e-05,4.03460797059219e-05,4.70704263235756e-05,6.61227417402609e-05,7.06056394853633e-05,0.00842448558748375,0.0217824001434527,0.043522212758327,0.0948312188998969,0.159050970547362,0.237790827991214,0.363904828080871,0.437776258573542,0.540248576679966,0.625525619760613,0.66223831084413,0.687539785717488,0.700042587528579,0.70969538709822,0.717120186488546,0.724417223293137,0.733261980544224,0.741452234724526,0.748717891244901,0.754092885641279,0.75846483166719,0.76287600304837,0.766984578831757,0.782789034832115,0.796576186847178,0.802820863406106,0.809463397139911,0.814494329134352,0.818740754023401,0.821386784417447,0.823076836867351,0.824360066346887,0.825810283767427,0.827099116869144,0.82828596404716,0.829469449051867,0.830589052763706,0.831560720849957,0.832342986506478,0.833142063029542,0.836126552203344,0.838433003093199,0.840342717532613,0.841692069753889,0.843318240910925,0.844352669565607,0.845174160577397,0.845890303492177,0.846529116420854,0.847073788496884,0.84758371811539,0.848001748330121
"39",0,0,0,0,0,0,0,0,0,0,0,0,0,0,0,1.27788178315624e-06,5.11152713262496e-06,8.94517248209368e-06,1.02230542652499e-05,1.02230542652499e-05,1.27788178315624e-05,1.53345813978749e-05,1.53345813978749e-05,2.81133992294373e-05,3.1947044578906e-05,0.00645202512315586,0.0142879962174699,0.0316697442319611,0.0617804726884716,0.0927882741567578,0.145776920177114,0.211732232651157,0.263625733983349,0.313270163377186,0.364633343769368,0.393127551770186,0.422042182877662,0.437917308269812,0.450737018318435,0.462087164316429,0.474143978940508,0.490348797832713,0.506832194953645,0.523951977202589,0.535404353743235,0.545241487709972,0.553583499990416,0.561157505319183,0.572425866883055,0.583586886377141,0.591572369640085,0.600737337788881,0.609291478445329,0.617812394175415,0.624473991911008,0.629331220568785,0.632557872071255,0.635082966474771,0.637064961120447,0.638781156355226,0.640433457500847,0.641841683225885,0.643097841018727,0.644338664230172,0.645481090544314,0.646796030899181,0.64796145908542,0.649089828699947,0.649786274271767,0.650490387134286,0.651051377237092,0.651562529950354,0.652045569264387,0.65243532320825,0.652684510155966,0.652909417349801,0.653084487154093
"40",0,0,0,0,0,0,0,0,0,0,0,0,0,0,0,0,3.5860031126507e-06,3.5860031126507e-06,3.5860031126507e-06,3.5860031126507e-06,7.1720062253014e-06,1.07580093379521e-05,1.43440124506028e-05,4.66180404644591e-05,8.60640747036168e-05,0.00749474650543997,0.0248940336080212,0.0459940759228579,0.0905071325601911,0.143816654832856,0.198564164353695,0.263797146975924,0.343270147958488,0.416765281752265,0.456666738386729,0.487380855046582,0.506702239817544,0.518632872173333,0.527615809970523,0.536154083381744,0.545258945284764,0.556870423363527,0.568883533790907,0.579204050749116,0.587469787923776,0.593494273153029,0.598783627744189,0.603359367715931,0.611793647036886,0.621866729780321,0.627572060732549,0.633603717968027,0.638552402263485,0.642497005687401,0.645563038348717,0.647664436172731,0.648976913311961,0.650630060746893,0.652039359970164,0.653168950950649,0.65432005794981,0.655313380812015,0.656130989521699,0.656737024047737,0.657335886567549,0.658160667283459,0.65883842187175,0.659383494344873,0.659828158730842,0.660520257331583,0.661050985792256,0.661606816274717,0.662094512698037,0.662542763087118,0.662783025295666,0.663084249557129,0.663353199790577
"41",0,0,0,0,0,0,0,0,0,0,0,0,0,0,0,3.8560361747607e-06,1.54241446990428e-05,2.18508716569773e-05,2.31362170485642e-05,2.44215624401511e-05,3.08482893980856e-05,3.98457071391939e-05,5.91258880129974e-05,9.25448681942568e-05,9.64009043690175e-05,0.00999227507419656,0.0220642389919807,0.0566374593348852,0.0965885647961892,0.159806992535999,0.242647503023775,0.336031701758738,0.406180711849985,0.492354122938145,0.581967118294192,0.626779400026478,0.66157755581291,0.675673938722444,0.686333308054874,0.694814016948564,0.703134057668306,0.713170034485817,0.722546629117443,0.730643019739049,0.737114733785689,0.742446346469992,0.748367932689033,0.753234250341581,0.774055560339897,0.793830599189461,0.800789459139513,0.809779164808272,0.816637767817779,0.823018222341616,0.826821559355322,0.82934726304979,0.830996361187196,0.832393531627851,0.833735432216668,0.835031060371388,0.83633697128924,0.837554193375073,0.838631312813223,0.839576041676039,0.840506631739548,0.844041331566412,0.846632587875851,0.848541325782358,0.849961632440061,0.852198133421422,0.853674995276356,0.854746973332939,0.855713553067412,0.85656188102586,0.857195556303912,0.857856223835188,0.858329230939292
"42",0,0,0,0,0,0,0,0,0,0,0,0,0,0,0,0,2.1911901010796e-06,6.5735703032388e-06,6.5735703032388e-06,6.5735703032388e-06,6.5735703032388e-06,1.0955950505398e-05,1.31471406064776e-05,3.50590416172736e-05,3.72502317183532e-05,0.00667655623798954,0.0162476745995052,0.0463765384893497,0.0867557896720446,0.121170621399601,0.164413758044407,0.233464731699728,0.319396633893767,0.409759122472188,0.452340519706468,0.48256579596076,0.507354729574274,0.518913257357469,0.529238145113756,0.538655880168196,0.547747127897575,0.561038887050724,0.574146586235382,0.58613677846849,0.595157908114634,0.603789005922787,0.611317935110096,0.617904652553942,0.62729828451727,0.638670561141873,0.644919835310152,0.65362324239164,0.660409358134684,0.667026752239944,0.671704943105749,0.674722211874936,0.676799460090759,0.678762766421326,0.680329467343598,0.681646372594347,0.682941365944085,0.684118035028365,0.68510187938375,0.686002458515293,0.686924949547848,0.688226516467889,0.689230081534184,0.69001452759037,0.690485633462102,0.691079445979495,0.691603140413653,0.692218864832056,0.692757897596922,0.693244341799361,0.693548917223411,0.693995920004032,0.694223803774544
"43",0,0,0,0,0,0,0,0,0,0,0,0,0,0,0,4.57413529783974e-06,1.57553549147813e-05,2.94777608083005e-05,3.30354215955092e-05,3.40518961061403e-05,3.81177941486645e-05,4.67578274890284e-05,5.99719961272321e-05,8.28426726164308e-05,8.94497569355326e-05,0.00965803256276095,0.0198126129239652,0.0440163957338565,0.0829595671851534,0.133323846237901,0.191537849698996,0.264271175069946,0.345734491775451,0.474178752125067,0.579652721483443,0.623260494464026,0.659478497752321,0.676099380712904,0.688715862338857,0.698245310876023,0.707314296459873,0.717959325772457,0.727736794090217,0.736175565477476,0.742377076466836,0.747582442435778,0.752607384179082,0.757221670220092,0.778072611856667,0.794332646365977,0.802731267010066,0.811275243509175,0.817892492573383,0.823712317384001,0.827386872739932,0.829701893437895,0.831416177700074,0.832918018789531,0.834278061684756,0.83551663587596,0.836726748780866,0.837874348503368,0.838897430098319,0.839749743975483,0.840602566089902,0.843340440184287,0.845354076189847,0.846851343144006,0.848039601846934,0.849771166175794,0.851022446298381,0.852071956230608,0.85297763501958,0.853760320392766,0.854390534589357,0.854996353397693,0.855442077470605
"44",0,0,0,0,0,0,0,0,0,0,0,0,0,0,0,0,3.64964835638086e-06,7.29929671276173e-06,1.09489450691426e-05,1.09489450691426e-05,1.09489450691426e-05,1.45985934255235e-05,2.5547538494666e-05,4.01461319201895e-05,4.74454286329512e-05,0.00859492187927693,0.0186314548593243,0.0390366388198497,0.102463877605393,0.173340048686309,0.228070175438596,0.297249260033796,0.37143566217395,0.448738864010453,0.524319431822744,0.562695484290089,0.594951076463783,0.606929222369425,0.617546049438137,0.626728564702791,0.635838087000318,0.647754188883901,0.658389264194395,0.668100978470724,0.674487863094391,0.679633867276888,0.685075492976252,0.690309088719302,0.705626662871032,0.718564666294403,0.723480742630448,0.731141354530491,0.736842105263158,0.742495410567192,0.747006375935679,0.749864050598725,0.751988145942138,0.753948007109515,0.755648743243588,0.757072106102577,0.758331234785528,0.759462625776006,0.760429782590447,0.761057522107745,0.761791101427377,0.763659721385844,0.765645130091716,0.767196230643178,0.768174336402688,0.769240033722751,0.769962664097314,0.770725440603798,0.771188945945058,0.77163055339618,0.77205391260552,0.772517417946781,0.772772893331727
"45",0,0,0,0,0,0,0,0,0,0,0,0,0,0,0,7.86848391176057e-05,0.000522692145566952,0.000730644934663482,0.000854292538991148,0.000882394267247436,0.000938597723760011,0.000944218069411269,0.000949838415062526,0.000949838415062526,0.000949838415062526,0.00732893072923985,0.0152648587888155,0.0388815512153997,0.0734298159336799,0.133415765069552,0.16008992553042,0.196790782633132,0.236268090487565,0.267545314036813,0.286587045103274,0.303745960376563,0.320910495995504,0.330538148096108,0.337979485738373,0.344707039482928,0.352710411690319,0.364546859631867,0.378249262329633,0.393901924968386,0.406626387522833,0.415607699873542,0.424600252915554,0.432328228186033,0.440236054517353,0.446823099620627,0.4511732471547,0.456276521006042,0.460536743009695,0.463925811437403,0.46619081073486,0.467680202332443,0.469017844597443,0.470153154418997,0.471395250807925,0.472272024729521,0.473255585218491,0.474042433609667,0.474767458198679,0.475335113109456,0.4759758325137,0.476582829844035,0.477066179570044,0.4775439089504,0.477785583813405,0.478027258676409,0.47834761837853,0.478594913587186,0.478819727413236,0.478999578474076,0.479173809189265,0.479291836447942,0.479364900941408
"46",0,0,0,0,0,0,0,0,0,0,0,0,0,0,0,0,0,0,0,0,0,0,0,0,0,0.00642054574638844,0.0221508828250401,0.0703049759229535,0.121027287319422,0.199678972712681,0.249438202247191,0.295345104333868,0.345425361155698,0.365971107544141,0.378812199036918,0.393258426966292,0.403210272873194,0.409630818619583,0.414767255216693,0.417656500802568,0.42247191011236,0.431139646869984,0.437881219903692,0.451364365971108,0.460032102728732,0.467094703049759,0.473194221508828,0.477367576243981,0.479614767255217,0.485393258426966,0.486677367576244,0.490529695024077,0.493097913322632,0.493097913322632,0.496308186195827,0.499197431781701,0.50016051364366,0.500481540930979,0.500802568218299,0.500802568218299,0.501444622792937,0.502086677367576,0.502728731942215,0.503370786516854,0.503691813804173,0.504012841091493,0.504654895666132,0.504654895666132,0.504654895666132,0.504975922953451,0.50529695024077,0.50529695024077,0.50561797752809,0.50561797752809,0.506260032102729,0.506581059390048,0.506581059390048
"47",0,0,0,0,0,0,0,0,0,0,0,0,0,0,0,2.27500227500227e-05,6.82500682500683e-05,9.1000091000091e-05,0.000136500136500137,0.000136500136500137,0.000159250159250159,0.000182000182000182,0.000182000182000182,0.000204750204750205,0.000204750204750205,0.0102375102375102,0.0131722631722632,0.0588543088543089,0.0856538356538356,0.147806897806898,0.185230685230685,0.243243243243243,0.281986531986532,0.305965055965056,0.329056329056329,0.343957593957594,0.363340613340613,0.371143871143871,0.379220129220129,0.385521885521886,0.392847392847393,0.402584402584403,0.413868413868414,0.425812175812176,0.434866684866685,0.441987441987442,0.447561197561198,0.453294203294203,0.458685958685959,0.463759213759214,0.466693966693967,0.471198471198471,0.474451724451724,0.478319228319228,0.480503230503231,0.482050232050232,0.482846482846483,0.484211484211484,0.485576485576486,0.486759486759487,0.487942487942488,0.488761488761489,0.48953498953499,0.48996723996724,0.49044499044499,0.491377741377741,0.491923741923742,0.492560742560743,0.492651742651743,0.492788242788243,0.493015743015743,0.493243243243243,0.493493493493493,0.493629993629994,0.493698243698244,0.493811993811994,0.493834743834744
"48",0,0,0,0,0,0,0,0,0,0,0,0,0,0,0,2.25095947147472e-06,4.50191894294943e-06,6.75287841442415e-06,1.35057568288483e-05,1.35057568288483e-05,1.35057568288483e-05,1.35057568288483e-05,1.5756716300323e-05,2.02586352432724e-05,3.1513432600646e-05,0.00994023702603235,0.0225501119852337,0.0540387840316935,0.0875150532914655,0.135359196857661,0.195516088732822,0.271996938695119,0.331113887294459,0.375813440479004,0.432148203171602,0.462038693993315,0.489815533871313,0.504442268516955,0.515575514062869,0.524424035745236,0.535323181506117,0.549947665192288,0.565098873394784,0.581674938942724,0.59273390282608,0.601229023871425,0.609865955363474,0.61715681309158,0.629152176115069,0.639137432330531,0.646725416708872,0.655614455661726,0.663976770098254,0.670952493500355,0.675765044850367,0.679001924570348,0.68134067146121,0.683366534985538,0.685036746913372,0.686459353299344,0.687701882927598,0.688881385690651,0.689869556898628,0.690704662862545,0.691569031299591,0.692845325319918,0.693941542582526,0.694839675411644,0.695681534253976,0.696624686272524,0.697405769209125,0.697975261955408,0.698402944254989,0.698812618878797,0.699134506083218,0.699409123138738,0.699658979640072
"49",0,0,0,0,0,0,0,0,0,0,0,0,0,0,0,0,2.01341741364453e-06,4.02683482728905e-06,6.04025224093358e-06,6.04025224093358e-06,6.04025224093358e-06,6.04025224093358e-06,8.05366965457811e-06,7.6509861718492e-05,8.85903662003592e-05,0.0094912496879203,0.0221415512978489,0.0455696763230166,0.101454090056134,0.180045825380335,0.25692212906811,0.330134013063052,0.416006265754991,0.482602060128698,0.547216651767378,0.583542728744352,0.610377556033407,0.62310235408764,0.634991583915211,0.644800953554487,0.655842534650914,0.670147865374858,0.682767965723582,0.692909549236109,0.700214227612812,0.706055151529795,0.712373255373811,0.717906126426506,0.730590656132467,0.743512769093237,0.750606038641507,0.759289907946556,0.766089218552433,0.772203967237672,0.776416036467016,0.77894287532114,0.780672400879461,0.78254487907415,0.78441735726884,0.785885138563386,0.787185806212601,0.788405937165269,0.789469021559674,0.7902844556122,0.79125693622299,0.79283142864046,0.794442162571376,0.795799205908172,0.796673029065694,0.797562959562525,0.798404568041428,0.799044834778967,0.799550202549792,0.79996899337183,0.800293153575427,0.800732078571601,0.801022010679166
"50",0,0,0,0,0,0,0,0,0,0,0,0,0,0,0,0,5.33520183957759e-06,8.89200306596266e-06,1.06704036791552e-05,1.06704036791552e-05,1.06704036791552e-05,1.06704036791552e-05,1.24488042923477e-05,3.0232810424273e-05,3.91248134902357e-05,0.00535476424632271,0.0125661787328184,0.0366172686256342,0.0615913484366969,0.0882424600260002,0.11981618451262,0.165809181171006,0.200770758825758,0.233447091692557,0.26064950747195,0.28372781222935,0.306617606521751,0.319978730328666,0.331547226317484,0.341757024237822,0.353435781064657,0.369373807360089,0.387033325449091,0.405331289358229,0.419508699046599,0.430467203625092,0.441150056108539,0.450662720988506,0.461352687074407,0.471615837013141,0.4791189092002,0.48816563311951,0.495995931019397,0.503879580937679,0.509732297355696,0.513710579527408,0.51624657880182,0.518681209241281,0.520829517182018,0.522689724223417,0.524583720876467,0.526191395030793,0.527631899527479,0.528901677565298,0.530283494841749,0.531747118546406,0.532936868556632,0.534048368939878,0.534551656313411,0.535065614090624,0.535476424632271,0.535823212751844,0.536153995265898,0.536379852143773,0.536532794596508,0.536683958648629,0.536804889890326
"51",0,0,0,0,0,0,0,0,0,0,0,0,0,0,0,0,0,9.45653304585473e-06,1.89130660917095e-05,2.83695991375642e-05,2.83695991375642e-05,2.83695991375642e-05,2.83695991375642e-05,3.78261321834189e-05,4.72826652292736e-05,0.00523891930740352,0.012955450272821,0.0332586267222711,0.063727576196015,0.103738167513026,0.151616594324189,0.211060361050432,0.250531929983829,0.284102622296614,0.316652009040446,0.33977323233756,0.360955866360275,0.374242295289701,0.385845461336965,0.395935582096892,0.406328311914286,0.422413874625285,0.440371830879363,0.458604026591771,0.472126868847343,0.480902531513896,0.488732540875864,0.495720918796751,0.502435057259308,0.510179957823863,0.516336160836714,0.523608234748976,0.529972481488837,0.536213793299101,0.540970429421166,0.54461119464382,0.546795653777412,0.548715329985721,0.550133809942599,0.551571202965569,0.55241283440665,0.553226096248593,0.554162293020133,0.554985011395122,0.55578881670402,0.556507513215505,0.557141100929577,0.557869253974108,0.558493385155134,0.558871646476969,0.559344473129261,0.559770017116325,0.560025343508563,0.560394148297351,0.560640018156543,0.560857518416598,0.561018279478378
"52",0,0,0,0,0,0,0,0,0,0,0,0,0,0,0,1.51779615997572e-05,7.58898079987858e-05,0.000182135539197086,0.000182135539197086,0.000182135539197086,0.000182135539197086,0.000182135539197086,0.000197313500796843,0.000197313500796843,0.000197313500796843,0.00314183805114973,0.00751309099187979,0.0259694922971845,0.0663580481141383,0.101328071639979,0.115853380890946,0.147802990058435,0.206739014950292,0.233224557941868,0.255672763147909,0.269257038779692,0.284025195416256,0.291811489716931,0.300068300827199,0.307323366471883,0.314866813386962,0.325855657585186,0.339075662138575,0.352872429232754,0.363846095469378,0.372603779312438,0.380283827881915,0.38627912271382,0.392911891932913,0.398846474918418,0.403278439705548,0.408287167033467,0.412628064050998,0.416528800182136,0.419670638233285,0.42187144266525,0.423419594748425,0.424466874098809,0.425423085679593,0.426197161721181,0.42689534795477,0.427623890111558,0.428428322076345,0.429080974425135,0.429627381042726,0.430310389314715,0.431099643317902,0.431721939743492,0.432025498975488,0.432374592092282,0.432723685209076,0.432966532594673,0.43313349017227,0.433345981634666,0.433497761250664,0.433619184943462,0.43372543067466
"53",0,0,0,0,0,0,0,0,0,0,0,0,0,0,0,0,7.48839299086416e-05,7.48839299086416e-05,7.48839299086416e-05,7.48839299086416e-05,7.48839299086416e-05,7.48839299086416e-05,7.48839299086416e-05,7.48839299086416e-05,7.48839299086416e-05,0.00366931256552344,0.00778792871049873,0.017972143178074,0.0305526434027258,0.0999700464280365,0.153212520593081,0.190130298038041,0.227497379062453,0.262468174329789,0.290025460536169,0.308896210873147,0.326868354051221,0.336902800658979,0.346862363336828,0.355923318855774,0.362587988617643,0.371499176276771,0.378238729968549,0.388797364085667,0.396210873146623,0.40242623932904,0.410064400179721,0.415381159203235,0.420323498577205,0.424442114722181,0.426838400479257,0.432454695222405,0.436273775647746,0.44046727572263,0.442863561479706,0.443837052568519,0.444810543657331,0.445933802605961,0.446457990115321,0.447206829414408,0.44765613299386,0.448330088363037,0.448929159802306,0.449677999101393,0.450277070540662,0.450801258050022,0.451175677699566,0.451550097349109,0.451849633068743,0.452074284858469,0.452149168788378,0.452448704508013,0.452448704508013,0.45259847236783,0.452673356297739,0.452748240227647,0.452748240227647
"54",0,0,0,0,0,0,0,0,0,0,0,0,0,0,0,0,0,0,0,0,0,0,0,6.19293468724648e-06,6.19293468724648e-06,0.00444033417075572,0.0108851148686169,0.0300254116753333,0.0556373252302223,0.0745216474031993,0.12684988119887,0.203689750486661,0.246449900190536,0.275697066406839,0.299537800641175,0.314561860192435,0.331311684209874,0.340483420481686,0.350185684825039,0.35926246276498,0.369420939963627,0.384795932480497,0.400509472093604,0.418584584134114,0.431529881942022,0.44139935552193,0.45104794776466,0.459365059049632,0.467942273591469,0.477089238124532,0.483730128420822,0.491797458006742,0.500318936136393,0.507219929689548,0.513274555502113,0.51744240054663,0.520088847969646,0.522310047210805,0.524116319827919,0.525487022705363,0.526721481019687,0.527718543504334,0.528655740953671,0.529504173005823,0.530402148535474,0.531345538919498,0.532301315172896,0.533271541607232,0.533956893045954,0.53454315752968,0.534958084153725,0.53532140298871,0.535655821461822,0.53599643286962,0.53623589301086,0.536438195543977,0.536632240830844
"55",0,0,0,0,0,0,0,0,0,0,0,0,0,0,0,0,0,0,0,0,0,0,0,1.91018318656759e-05,3.82036637313518e-05,0.0115757101105996,0.0203434509369449,0.0407633092013524,0.0905808867070352,0.150789860747646,0.220377834234303,0.284063341674467,0.331206662718955,0.370021585070008,0.395770854424939,0.411243338236137,0.424882046188229,0.431223854367634,0.43790949552062,0.444919867815323,0.451777425455101,0.463066608087716,0.476819927031002,0.490802467956677,0.500792726022426,0.507249145193024,0.511680770185861,0.516246108001757,0.52140360260549,0.525949838589521,0.528987029856163,0.532501766919448,0.535004106893851,0.537544650531986,0.53977956486027,0.541116693090867,0.542262803002808,0.543485320242211,0.544516819162958,0.545624725411167,0.546637122500048,0.547401195774675,0.54782143607572,0.548604611182212,0.549464193616168,0.550247368722661,0.550724914519302,0.55122156214781,0.551488987793929,0.551775515271915,0.551947431758706,0.552157551909228,0.552310366564154,0.552424977555348,0.552463181219079,0.552539588546542,0.552596894042139
"56",0,0,0,0,0,0,0,0,0,0,0,0,0,0,1.17268075994404e-06,2.34536151988808e-06,3.51804227983212e-06,1.28994883593844e-05,1.75902113991606e-05,2.11082536789927e-05,2.22809344389368e-05,2.46262959588248e-05,3.0489699758545e-05,5.04252726775937e-05,5.51159957173699e-05,0.00896514440977218,0.0182246316902903,0.0414167390797036,0.0806558099881911,0.125074611813351,0.18839468212729,0.271176562333259,0.345993594817689,0.414581347105296,0.475620553341143,0.511253630912803,0.53981192545972,0.55470145306873,0.566655760735599,0.577262658209293,0.587748769564713,0.601531286536335,0.615373610226714,0.627781745347682,0.636892302171687,0.644242665175017,0.651328002326599,0.657345027305872,0.666928174476134,0.677322816732278,0.683798359888689,0.691264818287253,0.698282139954758,0.704696703711652,0.709498831423623,0.712652169987112,0.714924825299884,0.716923073314828,0.718541372763551,0.719844221087849,0.720925432748517,0.722027752662865,0.723045639562496,0.723851271244578,0.724715536964657,0.725824892963564,0.726936594323991,0.727863012124346,0.728512677265355,0.729114262495207,0.729592716245264,0.730028953487963,0.730404211331145,0.730698554201891,0.730956543969079,0.731218051778546,0.731410371423177
"57",0,0,0,0,0,0,0,0,0,0,0,0,0,0,0,8.94406382483945e-06,6.26084467738762e-05,0.000125216893547752,0.00016546518075953,0.00016546518075953,0.000174409244584369,0.000178881276496789,0.000178881276496789,0.000187825340321629,0.000187825340321629,0.00918555354811012,0.0193996744360768,0.0450736096452784,0.0895479670142926,0.144460046866894,0.210735559808955,0.288544443053146,0.350191402965852,0.411355383432016,0.474388673237572,0.510003935388083,0.534863960789224,0.547586891580058,0.55780995653185,0.566195016367637,0.575058583618053,0.587074933366724,0.598505446934869,0.609376956513962,0.616930218414039,0.623369944367923,0.629510044183675,0.634576856340447,0.651740514820314,0.664789903940755,0.671332486628625,0.679230094985958,0.685719013290879,0.692257123946836,0.696027046849006,0.698705793964546,0.70057957533585,0.702010625547824,0.703379067313024,0.70460887608894,0.705650859524534,0.706558682002755,0.707488864640538,0.708298302416686,0.709000411426936,0.71087419279824,0.712323131137864,0.713722877126451,0.71447865051965,0.715489329731857,0.71628982344418,0.716978516358693,0.717577768634957,0.718074164177236,0.718427454698317,0.718695776613062,0.718923850240595
"58",0,0,0,0,0,0,0,0,0,0,0,0,0,0,0,1.26119308866187e-05,1.26119308866187e-05,2.52238617732375e-05,3.78357926598562e-05,3.78357926598562e-05,3.78357926598562e-05,3.78357926598562e-05,3.78357926598562e-05,3.78357926598562e-05,3.78357926598562e-05,0.00329171396140749,0.00781939714970362,0.0209610291335603,0.0416824315802749,0.0715222600580149,0.104136713330811,0.155984361205701,0.191411275066213,0.22364737041241,0.256425778786732,0.277979568671964,0.300731491991424,0.312523647370412,0.323092445453399,0.333509900365746,0.344267877412032,0.361167864800101,0.379102030520873,0.398499180224492,0.41223357296002,0.422096102913356,0.430243410266112,0.437520494387691,0.444696683062177,0.452276453525035,0.457913986631353,0.464661369655694,0.470500693656199,0.476781435237735,0.481447849665784,0.48508008576113,0.487299785597175,0.488951948543322,0.490364484802623,0.491537394375079,0.492634632362215,0.493593139109598,0.494791272543826,0.49552276453525,0.496367763904654,0.49731365872115,0.498057762643461,0.498663135326018,0.499255896077689,0.499709925589608,0.500340522133939,0.500756715853197,0.501135073779796,0.501425148190188,0.501727834531467,0.502055744734519,0.502270147559591
